{
  "project_info": {
    "project_number": "889448497032",
    "firebase_url": "https://horoscopeworld-63d19.firebaseio.com",
    "project_id": "horoscopeworld-63d19",
    "storage_bucket": "horoscopeworld-63d19.appspot.com"
  },
  "client": [
    {
      "client_info": {
        "mobilesdk_app_id": "1:889448497032:android:8d7ec418c79578ed",
        "android_client_info": {
          "package_name": "com.kar.horoscope.world"
        }
      },
      "oauth_client": [
        {
          "client_id": "889448497032-qi9fl47prgi3g7l9br5gsjn88vkrdgqv.apps.googleusercontent.com",
          "client_type": 1,
          "android_info": {
            "package_name": "com.kar.horoscope.world",
            "certificate_hash": "37b37d6ab91660c6de70bd3924eb7c609ca22a0f"
          }
        },
        {
          "client_id": "889448497032-cukceorgre9cfenlvbegng60jfm43r5b.apps.googleusercontent.com",
          "client_type": 1,
          "android_info": {
            "package_name": "com.kar.horoscope.world",
            "certificate_hash": "0819d3b78ea617af908ec98c1d324209cc40505a"
          }
        },
        {
          "client_id": "889448497032-p2n7oc9vupb82s7pmotpkv2fntvhfjqp.apps.googleusercontent.com",
          "client_type": 3
        }
      ],
      "api_key": [
        {
          "current_key": "AIzaSyDj3VjpOWMO0xSwH_IX_3VGgFO7I1bOuCg"
        }
      ],
      "services": {
        "analytics_service": {
          "status": 1
        },
        "appinvite_service": {
          "status": 2,
          "other_platform_oauth_client": [
            {
              "client_id": "889448497032-p2n7oc9vupb82s7pmotpkv2fntvhfjqp.apps.googleusercontent.com",
              "client_type": 3
            }
          ]
        },
        "ads_service": {
          "status": 2
        }
      }
    }
  ],
  "configuration_version": "1"
}